]633;E;for i in $(seq 1 1000 65535);7e068490-fcc8-4055-96b6-e54a7a54e0e0]633;C1;10;0;0;0;171;66;45;
1001;10;50500;50500;50500;15505;1816;40;
2001;10;201000;201000;201000;34294;3618;42;
3001;10;451500;451500;451500;64905;5515;45;
4001;10;802000;802000;802000;82779;8593;54;
5001;10;1.2525e+06;1.2525e+06;1.2525e+06;131083;13774;60;
6001;10;1.803e+06;1.803e+06;1.803e+06;152641;15128;58;
7001;10;2.4535e+06;2.4535e+06;2.4535e+06;191307;17006;62;
8001;10;3.204e+06;3.204e+06;3.204e+06;233178;21636;65;
9001;10;4.0545e+06;4.0545e+06;4.0545e+06;300161;22159;62;
10001;10;5.005e+06;5.005e+06;5.005e+06;218065;16424;49;
11001;10;6.0555e+06;6.0555e+06;6.0555e+06;202210;14942;42;
12001;10;7.206e+06;7.206e+06;7.206e+06;218672;16182;41;
13001;10;8.4565e+06;8.4565e+06;8.4565e+06;239772;18194;42;
14001;10;9.807e+06;9.807e+06;9.807e+06;258362;19063;40;
15001;10;1.12575e+07;1.12575e+07;1.12575e+07;285644;20234;41;
16001;10;1.2808e+07;1.2808e+07;1.2808e+07;333713;28851;44;
17001;10;1.44585e+07;1.44585e+07;1.44585e+07;303534;26687;45;
18001;10;1.6209e+07;1.6209e+07;1.6209e+07;352371;26103;41;
19001;10;1.80595e+07;1.80595e+07;1.80595e+07;369198;26278;41;
20001;10;2.001e+07;2.001e+07;2.001e+07;367713;26976;41;
21001;10;2.20605e+07;2.20605e+07;2.20605e+07;398316;30853;41;
22001;10;2.4211e+07;2.4211e+07;2.4211e+07;509833;29559;52;
23001;10;2.64615e+07;2.64615e+07;2.64615e+07;417522;30879;39;
24001;10;2.8812e+07;2.8812e+07;2.8812e+07;439914;32927;42;
25001;10;3.12625e+07;3.12625e+07;3.12625e+07;459832;35114;41;
26001;10;3.3813e+07;3.3813e+07;3.3813e+07;483792;37490;43;
27001;10;3.64635e+07;3.64635e+07;3.64635e+07;497214;41744;39;
28001;10;3.9214e+07;3.9214e+07;3.9214e+07;513329;37779;39;
29001;10;4.20645e+07;4.20645e+07;4.20645e+07;602424;39504;37;
30001;10;4.5015e+07;4.5015e+07;4.5015e+07;632808;42178;61;
31001;10;4.80655e+07;4.80655e+07;4.80655e+07;568877;46554;44;
32001;10;5.1216e+07;5.1216e+07;5.1216e+07;811774;56767;69;
33001;10;5.44665e+07;5.44665e+07;5.44665e+07;1072638;73428;78;
34001;10;5.7817e+07;5.7817e+07;5.7817e+07;673918;49164;55;
35001;10;6.12675e+07;6.12675e+07;6.12675e+07;654425;49157;38;
36001;10;6.4818e+07;6.4818e+07;6.4818e+07;748767;48497;38;
37001;10;6.84685e+07;6.84685e+07;6.84685e+07;710187;51702;46;
38001;10;7.2219e+07;7.2219e+07;7.2219e+07;718980;55103;52;
39001;10;7.60695e+07;7.60695e+07;7.60695e+07;778972;54589;55;
40001;10;8.002e+07;8.002e+07;8.002e+07;781298;53642;59;
41001;10;8.40705e+07;8.40705e+07;8.40705e+07;776426;55049;137;
42001;10;8.8221e+07;8.8221e+07;8.8221e+07;903511;56379;48;
43001;10;9.24715e+07;9.24715e+07;9.24715e+07;800275;60673;45;
44001;10;9.6822e+07;9.6822e+07;9.6822e+07;1008684;58909;123;
45001;10;1.01272e+08;1.01272e+08;1.01272e+08;948906;62972;62;
46001;10;1.05823e+08;1.05823e+08;1.05823e+08;917226;62982;48;
47001;10;1.10474e+08;1.10474e+08;1.10474e+08;905645;65992;61;
48001;10;1.15224e+08;1.15224e+08;1.15224e+08;963615;65584;48;
49001;10;1.20074e+08;1.20074e+08;1.20074e+08;947482;65750;46;
50001;10;1.25025e+08;1.25025e+08;1.25025e+08;1001250;66976;52;
51001;10;1.30076e+08;1.30076e+08;1.30076e+08;978629;70352;47;
52001;10;1.35226e+08;1.35226e+08;1.35226e+08;952275;102626;51;
53001;10;1.40476e+08;1.40476e+08;1.40476e+08;1075351;72385;45;
54001;10;1.45827e+08;1.45827e+08;1.45827e+08;1159311;73928;60;
55001;10;1.51278e+08;1.51278e+08;1.51278e+08;1065600;92621;61;
56001;10;1.56828e+08;1.56828e+08;1.56828e+08;1115145;78109;46;
57001;10;1.62478e+08;1.62478e+08;1.62478e+08;1151488;82474;61;
58001;10;1.68229e+08;1.68229e+08;1.68229e+08;1219848;81385;67;
59001;10;1.7408e+08;1.7408e+08;1.7408e+08;1361807;80759;62;
60001;10;1.8003e+08;1.8003e+08;1.8003e+08;1176825;82248;60;
61001;10;1.8608e+08;1.8608e+08;1.8608e+08;1926511;90907;132;
62001;10;1.92231e+08;1.92231e+08;1.92231e+08;1757344;120453;82;
63001;10;1.98482e+08;1.98482e+08;1.98482e+08;1744072;139198;86;
64001;10;2.04832e+08;2.04832e+08;2.04832e+08;1692504;97585;127;
65001;10;2.11282e+08;2.11282e+08;2.11282e+08;1844204;126448;151;
